<?xml version="1.0" encoding="UTF-8"?>
<!DOCTYPE mapper
	 PUBLIC "-//mybatis.org//DTD Mapper 3.0//EN" "http://mybatis.org/dtd/mybatis-3-mapper.dtd">

<!-- namespace="com.spring.mapper.BoardMapper는 
	 BoardMapper인퍼페이스(BoardMapper.class)의 이름을 사용한다. -->
<!-- root-context에서 아래와 같이 typeAliasesPackage를 설정하면 패키지 경로 생략 가능. -->
 <mapper namespace="com.spring.mapper.BoardNoticeMapper">

	<!-- id는 Mapper.java(여기선 MemberMapper.java)에 동일하게 사용해야된다. -->  
   <resultMap type="com.spring.service.BoardNoticeVO" id="boardResultMap">
		<result property="num" column="num" />
		<result property="title" column="title" />
		<result property="content" column="content" />
		<result property="hit" column="hit" />
		<result property="register_date" column="register_date" />	
	</resultMap> 
	
	
	<select id="getBoardNoticeListCount" resultType="int">
	      select count(*) from board_notice
	</select>
		
	<select id="getBoardNoticeList" parameterType="HashMap" resultType="com.spring.service.BoardNoticeVO">
		<![CDATA[
		select num,title,content,hit,register_date 
        from (select rownum rnum,num,title,content,hit,register_date 
              from (select * from board_notice order by register_date desc)) 
        where rnum>=#{startrow} and rnum<=#{endrow}
     	]]>      
	      
	</select>
	
	
	<insert id="boardnoticeInsert" parameterType="com.spring.service.BoardNoticeVO">
	   <selectKey keyProperty="num" order="BEFORE" resultType="int">
			select nvl(max(num), 0)+1 from board_notice
		</selectKey>
		insert into board_notice values (#{num},#{title},#{content},#{hit},sysdate)
	</insert>	


     <delete id="BoardNoticeDelete" parameterType="int">
        delete from board_notice where num=#{num} 
     </delete>
     
      <select id="isBoardNoticeWriter" parameterType="HashMap" resultType="int">
        select count(*) from board_notice where num=#{num}
     </select> 
	
	  <select id="getBoardNoticeDetail" parameterType="int" resultType="com.spring.service.BoardNoticeVO">
	    select * from board_notice where num = #{num}
	</select>
	
	<update id="setReadCountUpdate" parameterType="int">
		update board_notice set hit = hit+1 where num=#{num}
	</update>  

    
    <update id="boardnoticeModify" parameterType="com.spring.service.BoardNoticeVO">
       update board_notice set title=#{title},content=#{content} where num=#{num}
     </update>     


</mapper>



