<?xml version="1.0" encoding="UTF-8"?>
<!DOCTYPE mapper
	 PUBLIC "-//mybatis.org//DTD Mapper 3.0//EN" "http://mybatis.org/dtd/mybatis-3-mapper.dtd">

<!-- namespace="com.spring.mapper.BoardMapper는 
	 BoardMapper인퍼페이스(BoardMapper.class)의 이름을 사용한다. -->
<!-- root-context에서 아래와 같이 typeAliasesPackage를 설정하면 패키지 경로 생략 가능. -->
<mapper namespace="com.spring.mapper.BuyerMapper">
	
	<!-- id는 Mapper.java(여기선 MemberMapper.java)에 동일하게 사용해야된다. -->  
	<resultMap id="buyerResultMap" type="com.spring.buyer.BuyerVO">
		<result column = "buyer_id" property = "id" />
		<result column = "password" property ="password" />
		<result column = "name" property = "name" />
		<result column = "tel" property = "tel" />
		<result column = "email" property = "email" />
		<result column = "address" property = "address" />
		<result column = "buyer_num" property = "buyerNum" />
		<result column = "grade" property = "grade" />
		<result column = "member_type" property = "memberType" />
		<result column = "del_flag" property = "delFlag" />
		<result column = "join_date" property = "joinDate" />
		<result column = "wthdr_date" property = "wthdrDate" />
		<result column = "save_point" property = "savePoint" />
		<result column = "profile_img" property = "profileImg" />
		<result column = "profile_img_path" property = "profileImgPath" />
		<result column = "last_loginDate" property = "loginDate" />
	</resultMap>
	
	<resultMap id="deliveryResultMap"
		type="com.spring.buyer.deliveryVO">
		<result column="num" property="num" />
		<result column="buyer_id" property="id" />
		<result column="delivery_name" property="deliveryName" />
		<result column="address" property="address" />
		<result column="default_address" property="defaultaddress" />
		<result column="receiver_name" property="receiverName" />
		<result column="receiver_phone" property="receiverPhone" />
	</resultMap>
	
	<resultMap id="savePointResultMap" type="com.spring.buyer.SavePointVO">
		<result column = "sp_status" property = "status" />
		<result column = "sp_point" property = "point" />
		<result column = "sp_content" property = "content" />
		<result column = "order_id" property = "orderId" />
		<result column = "sp_application_date" property = "applicationDate" />
		<result column = "buyer_id" property = "id" />
	</resultMap>
	
	<select id = "selectListAll" resultMap ="buyerResultMap" >
		SELECT * FROM member_buyer 
	</select>
	
	<select id = "selectOneById" resultMap = "buyerResultMap" >
		SELECT * FROM member_buyer WHERE buyer_id = #{id}
	</select>
	
	<insert id = "InsertBuyerAccount" parameterType = "com.spring.buyer.BuyerVO" >
		<selectKey keyProperty="buyerNum" order = "BEFORE" resultType="int">
			SELECT buyer_num_seq.nextval FROM dual
		</selectKey>
		INSERT INTO member_buyer (buyer_id, password, name, tel, email, address, buyer_num)
		VALUES (#{id}, #{password}, #{name}, #{tel}, #{email}, #{address}, #{buyerNum} )
	
	</insert>

	
	<update id = "UpdateLoginDateBy" parameterType = "com.spring.buyer.BuyerVO" >
		UPDATE member_buyer SET last_loginDate=sysdate WHERE buyer_id = #{id}
	</update>
	
	<delete id = "DeleteBuyerAccount" parameterType ="com.spring.buyer.BuyerVO">
		UPDATE member_buyer SET del_flag="Y", wthdr_date=sysdate 
		WHERE buyer_id = #{id} AND password = #{password}
	</delete>
	  

	
	<select id = "deliveryListAll" resultMap = "deliveryResultMap" >
		SELECT * FROM list_delivery WHERE buyer_id = #{id}
	</select>
	
	<select id = "savePointListAll" resultMap = "savePointResultMap" >
		SELECT point_num,sp_status,sp_point,sp_content,order_id,
				sp_application_date,buyer_id
		 FROM(
		 	SELECT point_num,
		 		   sp_status,
		 		   sp_point,
		 		   sp_content,
		 		   order_id,
		 		   sp_application_date,
		 		   buyer_id,
		 		   row_number() OVER (ORDER BY point_num DESC) AS rNum
		   FROM save_point
		  	 <if test="status != null and status == '적립'">
				WHERE sp_status = '적립'
			</if>
			<if test="status != null and status == '사용'">
				WHERE sp_status = '사용'
			</if>
		   ) sp
		WHERE rNum between #{rowStart} AND #{rowEnd} AND buyer_id = #{id}
		ORDER BY point_num DESC
	</select>
	
	<select id ="savePointCountById" resultType = "int" >
		
		SELECT count(*) FROM save_point WHERE buyer_id = #{id}
		<if test="status != null and status == '적립'">
			 AND sp_status = #{status}
		</if>
		<if test="status != null and status == '사용'">
			AND sp_status = #{status}
		</if>
		
	</select>
	
	<insert id="InsertSavePoint" parameterType = "com.spring.buyer.SavePointVO" >
		<selectKey keyProperty="num" order="BEFORE" resultType="int">
			SELECT point_num_seq.nextval FROM dual
		</selectKey>
		<if test="sp_status == '적립' and savingDetails == '주문결제'">
		INSERT INTO save_point VALUES(#{sp_status},#{point},#{board_title},#{orderId},
										sysdate, #{id},#{num}) 
		</if>
		<if test="sp_status == '적립' and savingDetails == '상품후기'">
		INSERT INTO save_point VALUES(#{sp_status},#{point},'상품후기 작성으로 인한 적립금 지급+',#{orderId},
										sysdate, #{id},#{num}) 
		</if>
		<if test="sp_status == '사용' and savingDetails == '적립금결제'">
		INSERT INTO save_point VALUES(#{sp_status},#{point},'적립금결제+ ',#{orderId},
										sysdate, #{id},#{num}) 
		</if>
	</insert>
	
	
	
	<update id = "UpdateBuyerAccount" parameterType = "com.spring.buyer.BuyerVO"  >
		UPDATE member_buyer SET email=#{email}, tel=#{tel}, profile_img=#{profileImg}, profile_img_path=#{profileImgPath}
		 WHERE buyer_id = #{id}
	</update>
	
	<select id = "BuyerConfirmPassword" resultMap = "buyerResultMap" >
		SELECT * FROM member_buyer where buyer_id = #{id} and password = #{password}
	</select>
	
	<update id = "UpdateBuyerPassword" parameterType = "com.spring.buyer.BuyerVO"  >
		UPDATE member_buyer SET password = #{password}
		 WHERE buyer_id = #{id}
	</update>
	
	<update id="UpdateListDeliverList"	parameterType="com.spring.buyer.deliveryVO">
		update list_delivery  set default_address='N' where buyer_id = #{id}
	</update>
	
	<update id="UpdateDefaultAddress" parameterType="String">
		update member_buyer SET address=#{address} WHERE buyer_id = #{id}
	</update>


	<insert id="InsertListDeliveryList"	parameterType="com.spring.buyer.deliveryVO">
		<selectKey keyProperty="num" order="BEFORE" resultType="int">
			SELECT delivery_num_seq.nextval FROM dual
		</selectKey>
		INSERT INTO list_delivery VALUES (#{num}, #{id}, #{deliveryName}, #{address}, #{defaultaddress}, #{receiverName}, #{receiverPhone})
	</insert>

	<select id="getListDeliveryDetail" parameterType="String" resultMap="deliveryResultMap">
		SELECT * FROM list_delivery where num = #{num} and buyer_id = #{id}
	</select>
	
	<update id="ListDeliveryModify" parameterType="com.spring.buyer.deliveryVO">
		UPDATE list_delivery SET delivery_name=#{deliveryName},address=#{address},default_address=#{defaultaddress},receiver_name=#{receiverName},receiver_phone=#{receiverPhone}
		where num = #{num} and buyer_id = #{id}
	</update>


	<delete id="ListDeliveryDelete" parameterType="String">
		delete from	list_delivery where num=#{num} and buyer_id = #{id} and default_address='N'
	</delete>

	<select id="isListDelivery" parameterType="HashMap"	resultType="int">
		select count(*) from list_delivery where num=#{num}
	</select>
		
	
	<select id="getDefaultDeliveryList" resultMap = "deliveryResultMap" >
		SELECT * FROM list_delivery WHERE buyer_id = #{id} and default_address='Y'
	</select>
	
	
	<!-- 구매자 리스트 -->
	<select id="getBuyerListCount" resultType="int">
		select count(*) from member_buyer where del_flag = 'N'
	</select>

	<select id="SelectAllMemberBuyerList" parameterType="HashMap" resultMap="buyerResultMap">
		  <![CDATA[
			  select buyer_id,password,name,tel,email,address,buyer_num,grade,member_type,del_flag,join_date,
	        	           wthdr_date,save_point,profile_img,profile_img_path,last_loginDate
	          	  from (select rownum rnum,buyer_id,password,name,tel,email,address,buyer_num,grade,member_type,del_flag,join_date,
	        	           wthdr_date,save_point,profile_img,profile_img_path,last_loginDate
            		  from (select * from member_buyer where del_flag = 'N' order by join_date desc)) 
	          where rnum>=#{startrow} and rnum<=#{endrow}
     	  ]]>
	</select>

	<update id="AdminUpdateBuyerList"
		parameterType="com.spring.buyer.deliveryVO">
		UPDATE member_buyer SET del_flag=#{delFlag} WHERE buyer_id = #{id}
	</update>


	<!-- 비활성회원 리스트 -->

	<select id="getDelflagListCount" resultType="int">
		select count(*) from member_buyer where del_flag = 'Y'
	</select>

	<select id="SelectAllDelflagList" parameterType="HashMap"
		resultMap="buyerResultMap">
		<![CDATA[
			select buyer_id,password,name,tel,email,address,buyer_num,grade,member_type,del_flag,join_date,
	        	         wthdr_date,save_point,profile_img,profile_img_path,last_loginDate
	        	from (select rownum rnum,buyer_id,password,name,tel,email,address,buyer_num,grade,member_type,del_flag,join_date,
	        	         wthdr_date,save_point,profile_img,profile_img_path,last_loginDate
            		from (select * from member_buyer where del_flag = 'Y' order by join_date desc)) 
	        where rnum>=#{startrow} and rnum<=#{endrow}
     	]]>
	</select>

	<update id="AdminUpdateBuyerDelflagList"	parameterType="com.spring.buyer.deliveryVO">
		UPDATE member_buyer SET del_flag=#{delFlag} WHERE buyer_id = #{id}
	</update>
	
	<update id ="BuyerGradeSetting" parameterType = "com.spring.buyer.BuyerVO">
		UPDATE member_buyer SET grade = #{grade}
		WHERE buyer_id = #{id}
	</update> 
	
	
</mapper>