<?xml version="1.0" encoding="UTF-8"?>
<!DOCTYPE mapper
	 PUBLIC "-//mybatis.org//DTD Mapper 3.0//EN" "http://mybatis.org/dtd/mybatis-3-mapper.dtd">

<!-- namespace="com.spring.mapper.BoardMapper는 
	 BoardMapper인퍼페이스(BoardMapper.class)의 이름을 사용한다. -->
<!-- root-context에서 아래와 같이 typeAliasesPackage를 설정하면 패키지 경로 생략 가능. -->
<mapper namespace="com.spring.mapper.OrderRecordMapper">

    <resultMap type="com.spring.order.OrderRecordVO" id="OrderRecordMap">
        <result property="order_num" column="order_num" />
        <result property="order_id" column="order_id" />
        <result property="board_id" column="board_id" />
        <result property="board_title" column="board_title" />
        <result property="seller_id" column="seller_id" />
        <result property="buyer_id" column="buyer_id" />
        <result property="amount" column="amount" />
        <result property="price" column="price" />
        <result property="delivery_price" column="delivery_price" />
        <result property="use_point" column="use_point" />
        <result property="tot_price" column="tot_price" />
        <result property="status" column="status" />
        <result property="buyer_name" column="buyer_name" />
        <result property="buyer_phone" column="buyer_phone" />
        <result property="buyer_email" column="buyer_email" />
        <result property="order_postalCode" column="order_postalCode" />
        <result property="order_address" column="order_address" />
        <result property="order_name" column="order_name" />
        <result property="order_phone" column="order_phone" />
        <result property="order_demand" column="order_demand" />
        <result property="order_delivery" column="order_delivery" />
        <result property="order_invoicenum" column="order_invoicenum" />
        <result property="order_payment" column="order_payment" />
        <result property="order_account" column="order_account" />
        <result property="order_date" column="order_date" />
        <result property="non_member_flag" column="non_member_flag" />
    </resultMap>
	<!-- id는 Mapper.java(여기선 MemberMapper.java)에 동일하게 사용해야된다. -->  
	
	<insert id="insertOrderRecord" parameterType="com.spring.order.OrderRecordVO">
	    <selectKey resultType="int" keyProperty="order_num" order="BEFORE">
            SELECT NVL(MAX(order_num),0)+1 FROM order_record
        </selectKey>
            INSERT INTO order_record VALUES (#{order_num}, #{order_id}, #{board_id}, #{board_title}, 
            #{seller_id}, #{buyer_id}, #{amount}, #{price}, #{delivery_price}, #{use_point}, #{tot_price}, 
            #{status}, #{buyer_name}, #{buyer_phone}, #{buyer_email}, #{order_postalCode}, #{order_address}, 
            #{order_name}, #{order_phone}, #{order_demand, jdbcType=VARCHAR}, #{order_delivery}, 
            #{order_invoicenum}, #{order_payment}, #{order_account}, SYSDATE, #{non_member_flag})
	</insert>
	
	<select id="getOrderRecordOneByIdListCount" resultType="int" parameterType="String">
		select count(*) from order_record WHERE seller_id = #{seller_id}
	</select>
	
	<select id="getOrderRecordOneByIdList" parameterType="HashMap" resultType="com.spring.order.OrderRecordVO">
		<![CDATA[
			select order_num, order_id, board_id, board_title, seller_id, buyer_id, amount, price, delivery_price, use_point, tot_price,
					status, buyer_name, buyer_phone, buyer_email, order_postalCode, order_address, order_name, order_phone, order_demand,
					order_delivery, order_invoicenum, order_payment, order_account, order_date, non_member_flag
	        	from (select rownum rnum, order_num, order_id, board_id, board_title, seller_id, buyer_id, amount, price, delivery_price, use_point, tot_price,
						status, buyer_name, buyer_phone, buyer_email, order_postalCode, order_address, order_name, order_phone, order_demand,
						order_delivery, order_invoicenum, order_payment, order_account, order_date, non_member_flag
            		from (select * from order_record where seller_id = #{seller_id} order by order_date desc)) 
	        where rnum>=#{startrow} and rnum<=#{endrow}
     	]]>
	</select>
	

</mapper>