<?xml version="1.0" encoding="UTF-8"?>
<!DOCTYPE mapper
	 PUBLIC "-//mybatis.org//DTD Mapper 3.0//EN" "http://mybatis.org/dtd/mybatis-3-mapper.dtd">

<!-- namespace="com.spring.mapper.BoardMapper는 
	 BoardMapper인퍼페이스(BoardMapper.class)의 이름을 사용한다. -->
<!-- root-context에서 아래와 같이 typeAliasesPackage를 설정하면 패키지 경로 생략 가능. -->
<mapper namespace="com.spring.mapper.WishListMapper">

	  <resultMap type="com.spring.buyer.WishListVO" id="WishListMap">
        <result property="wish_id" column="wish_id" />
        <result property="buyer_id" column="buyer_id" />
        <result property="board_id" column="board_id" />
    </resultMap>
	<!-- id는 Mapper.java(여기선 MemberMapper.java)에 동일하게 사용해야된다. -->  
	<select id="getWishListOverlapCheck" parameterType="String" resultType="int">
	    SELECT COUNT(*) FROM wish_list WHERE board_id = #{board_id} AND buyer_id = #{buyer_id}
	</select>
	
	<insert id="insertWishList" parameterType="com.spring.buyer.WishListVO">
	    INSERT INTO wish_list VALUES (#{wish_id}, #{buyer_id}, #{board_id})
	</insert>

</mapper>