<?xml version="1.0" encoding="UTF-8"?>
<!DOCTYPE mapper
	 PUBLIC "-//mybatis.org//DTD Mapper 3.0//EN" "http://mybatis.org/dtd/mybatis-3-mapper.dtd">

<mapper namespace="com.spring.mapper.BoardFaqMapper">

	<resultMap type="com.spring.service.BoardFaqVO" id="boardResultMap">
		<result property="num" column="num" />
		<result property="title" column="title" />
		<result property="content" column="content" />
		<result property="boarddate" column="boarddate" />
	</resultMap>
	
	<select id="getFaqListCount" resultType="int">
		select count(*) from board_faq
	</select>
	
	<select id="getFaqBoardList" parameterType="HashMap" resultType="com.spring.service.BoardFaqVO">
		<![CDATA[
		select num,title,content,boarddate
        from (select rownum rnum,num,title,content,boarddate
              from (select * from board_faq order by boarddate desc)) 
        where rnum>=#{startrow} and rnum<=#{endrow}
     	]]>
	</select>

	<insert id="faqBoardInsert" parameterType="com.spring.service.BoardFaqVO">
		<!-- <selectKey>는 insert구문에만 사용 가능
		order값은 "BEFORE|AFTER" 대문자 사용할것
		keyProperty="num"에서 num은 컬럼 명이다. -->
		<selectKey keyProperty="num" order="BEFORE" resultType="int">
			select nvl(max(num), 0)+1 from board_faq
		</selectKey>
		insert into board_faq values (#{num},#{title},#{content},sysdate)
	</insert>

	<delete id="faqBoardDelete" parameterType="int">
		delete from board_faq where num=#{num}
	</delete>
	
	<select id="isFaqBoardWriter" parameterType="HashMap" resultType="int">
		select count(*) from board_faq where num=#{num}
	</select>

	<select id="getFaqDetail" parameterType="int" resultType="com.spring.service.BoardFaqVO">
		select * from board_faq where num = #{num}
	</select>
	
	<update id="faqBoardModify" parameterType="com.spring.service.BoardFaqVO">
		update board_faq set title=#{title},content=#{content} where num=#{num}
	</update>

</mapper>